,event_name,location,date,url,website,event_type,website_name,date_end,index,time_added
530,Comedy Double Bill: Susan Harrison & David Hoskin,"The Pen Theatre, London",25 July,/events/213677-comedy-double-bill-susan-harrison-david-hoskin,https://nhs.ticketsforgood.co.uk,"Comedy, Theatre",ticketsforgood,2024-07-25,291.0,2024-01-05 11:01:00
531,Caroline Barton: Pineapple Princess,"The Pen Theatre, London",26 July,/events/213678-caroline-barton-pineapple-princess,https://nhs.ticketsforgood.co.uk,"Comedy, Theatre",ticketsforgood,2024-07-26,296.0,2024-01-05 11:01:00
529,Callum Patrick Hughes: How Can I Help You?,"The Pen Theatre, London",21 July,/events/213676-callum-patrick-hughes-how-can-i-help-you,https://nhs.ticketsforgood.co.uk,"Comedy, Theatre",ticketsforgood,2024-07-21,288.0,2024-01-05 11:01:00
528,The End of the World Cabaret ,"The Pen Theatre, London",12 July,/events/213675-the-end-of-the-world-cabaret,https://nhs.ticketsforgood.co.uk,"Comedy, Theatre",ticketsforgood,2024-07-12,278.0,2024-01-05 11:01:00
541,Kizza: Bigfunkymagician,"Cambridge Cambridge Junction, Cambridge",16 June,/events/214070-kizza-bigfunkymagician,https://nhs.ticketsforgood.co.uk,"Comedy, Theatre",ticketsforgood,2024-06-16,257.0,2024-01-05 16:01:00
540,Six Chick Flicks,"Cambridge Cambridge Junction, Cambridge",11 June,/events/214069-six-chick-flicks,https://nhs.ticketsforgood.co.uk,Comedy,ticketsforgood,2024-06-11,244.0,2024-01-05 16:01:00
539,Wolfgang Valbrun,"The Forge, London",30 May,/events/214068-wolfgang-valbrun,https://nhs.ticketsforgood.co.uk,Music,ticketsforgood,2024-05-30,206.0,2024-01-05 16:01:00
82,Yogie Belle: House of ASMR,"The Pen Theatre, London",28 March-04 July,/events/203254-yogie-belle-house-of-asmr,https://nhs.ticketsforgood.co.uk,"Comedy, Theatre",ticketsforgood,2024-07-04,166.0,2024-01-15 14:01:00
84,ShyneFest 2024,"Merrist Wood College, Guildford",31 May-01 June,/events/206192-shynefest-2024,https://nhs.ticketsforgood.co.uk,"Festivals, Music",ticketsforgood,2024-06-01,209.0,2024-01-23 13:01:00
85,The Sixteen: 2024 UK Tour,"Various, UK",05 April-21 September,/events/172422-the-sixteen-2024-uk-tour,https://nhs.ticketsforgood.co.uk,"Music, Theatre",ticketsforgood,2024-09-21,192.0,2024-01-24 14:01:00
543,Delvon Lamarr Organ Trio,"Various Venues, UK, UK",27 May-30 May,/events/214365-delvon-lamarr-organ-trio,https://nhs.ticketsforgood.co.uk,Music,ticketsforgood,2024-05-30,204.0,2024-02-05 16:01:00
105,Westival 2024,"Shipping Hill Farm, Tenby",06 June-10 June,/events/206456-westival-2024,https://nhs.ticketsforgood.co.uk,"Festivals, Music",ticketsforgood,2024-06-10,279.0,2024-02-13 11:01:00
104,Machinal (Discounted Offer),"The Old Vic, London",22 April-29 May,/events/206437-machinal-discounted-offer,https://nhs.ticketsforgood.co.uk,Theatre,ticketsforgood,2024-05-29,232.0,2024-02-13 11:01:00
106,Newen Afrobeat,"Hootananny Brixton, London",09 August-10 August,/events/206488-newen-afrobeat,https://nhs.ticketsforgood.co.uk,Club,ticketsforgood,2024-08-10,310.0,2024-02-14 16:01:00
120,The Monocle,"Drama Studio, Sheffield",15 June,/events/206546-the-monocle,https://nhs.ticketsforgood.co.uk,"Arts, Theatre",ticketsforgood,2024-06-15,287.0,2024-02-20 12:01:00
121,Womanifest 2024,"Cherry Orchard Farm, Oakmere, Cheshire",06 July-07 July,/events/206550-womanifest-2024,https://nhs.ticketsforgood.co.uk,Festivals,ticketsforgood,2024-07-07,292.0,2024-02-20 15:01:00
122,Fields of Gold (Discounted Offer),"Ashton Cricket Club, Ashton-under-Lyne",06 September-07 September,/events/206557-fields-of-gold-discounted-offer,https://nhs.ticketsforgood.co.uk,"Festivals, Music",ticketsforgood,2024-09-07,304.0,2024-02-21 10:01:00
123,The Jacksons LIVE,"Manchester Barton Aerodrome, Manchester",19 July,/events/206565-the-jacksons-live,https://nhs.ticketsforgood.co.uk,"Festivals, Music",ticketsforgood,2024-07-19,308.0,2024-02-21 12:01:00
124,Music for Oboe and Strings ,"Cast, Doncaster",22 June,/events/206594-music-for-oboe-and-strings,https://nhs.ticketsforgood.co.uk,Music,ticketsforgood,2024-06-22,321.0,2024-02-22 14:01:00
126,101% Pantera,"The Underworld, London",07 September,/events/206635-101-pantera,https://nhs.ticketsforgood.co.uk,Not Listed,ticketsforgood,2024-09-07,306.0,2024-02-27 11:01:00
127,The Slackers,"The Underworld, London",25 September,/events/206634-the-slackers,https://nhs.ticketsforgood.co.uk,Music,ticketsforgood,2024-09-25,308.0,2024-02-27 11:01:00
128,The Dreadnoughts,"The Underworld, London",31 July,/events/206646-the-dreadnoughts,https://nhs.ticketsforgood.co.uk,Music,ticketsforgood,2024-07-31,312.0,2024-02-27 17:01:00
130,ABSOLVA,"The Underworld, London",26 October,/events/206655-absolva,https://nhs.ticketsforgood.co.uk,Music,ticketsforgood,2024-10-26,325.0,2024-02-28 12:01:00
129,Menuhin Hall Summer Festival,"The  Menuhin Hall, D'Abernon Surrey",29 June-05 July,/events/206648-menuhin-hall-summer-festival,https://nhs.ticketsforgood.co.uk,Music,ticketsforgood,2024-07-05,308.0,2024-02-28 12:01:00
131,Westival 2024 (Discounted Offer),"Shipping Hill Farm, Tenby",06 June-10 June,/events/206661-westival-2024-discounted-offer,https://nhs.ticketsforgood.co.uk,"Festivals, Music",ticketsforgood,2024-06-10,302.0,2024-02-28 14:01:00
132,Polly Gibbons - 'As It Is',"Clonter Opera Theatre, Congleton, Cheshire",31 May,/events/206660-polly-gibbons-as-it-is,https://nhs.ticketsforgood.co.uk,"Music, Theatre",ticketsforgood,2024-05-31,297.0,2024-02-28 14:01:00
133,Jazz in June - James Pearson & Friends,"Clonter Opera Theatre, Congleton, Cheshire",01 June,/events/206662-jazz-in-june-james-pearson-friends,https://nhs.ticketsforgood.co.uk,"Music, Theatre",ticketsforgood,2024-06-01,300.0,2024-02-28 14:01:00
134,Walsall Pride,"Walsall Arboretum Extension, Walsall",24 August,/events/206667-walsall-pride,https://nhs.ticketsforgood.co.uk,Festivals,ticketsforgood,2024-08-24,323.0,2024-02-28 15:01:00
135,Hootananny June Dates,"Hootananny Brixton, London",06 June-30 June,/events/206664-hootananny-june-dates,https://nhs.ticketsforgood.co.uk,Music,ticketsforgood,2024-06-30,309.0,2024-02-28 16:01:00
142,Hootananny July Dates,"Hootananny Brixton, London",18 July-31 July,/events/206698-hootananny-july-dates,https://nhs.ticketsforgood.co.uk,Music,ticketsforgood,2024-07-31,339.0,2024-02-29 16:01:00
143,Hootananny September Dates,"Hootananny Brixton, London",12 September,/events/206699-hootananny-september-dates,https://nhs.ticketsforgood.co.uk,Music,ticketsforgood,2024-09-12,353.0,2024-02-29 17:01:00
545,Wychwood Festival (Discounted Offer),"Cheltenham Racecourse, Cheltenham",31 May-03 June,/events/214545-wychwood-festival-discounted-offer,https://nhs.ticketsforgood.co.uk,Festivals,ticketsforgood,2024-06-03,204.0,2024-03-05 16:01:00
546,"EVE - Riot Grrrls of Wrestling: Once More, With Feeling","Big Penny Social, London",07 June,/events/214544-eve-riot-grrrls-of-wrestling-once-more-with-feeling,https://nhs.ticketsforgood.co.uk,Sport,ticketsforgood,2024-06-07,232.0,2024-03-05 16:01:00
169,DEMON,"The Underworld, London",19 October,/events/206831-demon,https://nhs.ticketsforgood.co.uk,Music,ticketsforgood,2024-10-19,330.0,2024-03-13 14:01:00
170,GREG HOWE,"The Underworld, London",22 November,/events/206841-greg-howe,https://nhs.ticketsforgood.co.uk,Music,ticketsforgood,2024-11-22,331.0,2024-03-14 11:01:00
175,Northern Chamber Orchestra: Peter and the Wolf,"Various Venues, UK, UK",31 May-02 June,/events/118261-northern-chamber-orchestra-peter-and-the-wolf,https://nhs.ticketsforgood.co.uk,"Family & Attractions, Music",ticketsforgood,2024-06-02,291.0,2024-03-14 12:01:00
183,Hootananny August Dates,"Hootananny Brixton, London",07 August-11 August,/events/206908-hootananny-august-dates,https://nhs.ticketsforgood.co.uk,Music,ticketsforgood,2024-08-11,297.0,2024-03-19 13:01:00
188,The Jacksons LIVE (Discounted Offer),"Manchester Barton Aerodrome, Manchester",19 July,/events/206918-the-jacksons-live-discounted-offer,https://nhs.ticketsforgood.co.uk,Music,ticketsforgood,2024-07-19,297.0,2024-03-20 13:01:00
195,Stowaway Festival 2024 (Discounted Offer),"Stowaway Festival, Buckinghamshire",16 August-19 August,/events/206681-stowaway-festival-2024-discounted-offer,https://nhs.ticketsforgood.co.uk,"Festivals, Music",ticketsforgood,2024-08-19,312.0,2024-03-22 15:01:00
200,Chesney Hawkes,"O2 Forum Kentish Town, London",31 May,/events/206996-chesney-hawkes,https://nhs.ticketsforgood.co.uk,Music,ticketsforgood,2024-05-31,255.0,2024-03-27 12:01:00
201,BERRY FUNNY COMEDY CLUB,"The Berry Theatre, Southampton",10 May-26 July,/events/206992-berry-funny-comedy-club,https://nhs.ticketsforgood.co.uk,Comedy,ticketsforgood,2024-07-26,229.0,2024-03-27 13:01:00
206,Hastings Reggae Festival,"The Oval, Hastings",27 July,/events/207009-hastings-reggae-festival,https://nhs.ticketsforgood.co.uk,"Festivals, Music",ticketsforgood,2024-07-27,279.0,2024-03-28 11:01:00
75,Blaze Bayley,"The Underworld, London",21 September,/events/190178-blaze-bayley,https://nhs.ticketsforgood.co.uk,Music,ticketsforgood,2024-09-21,144.0,2024-04-01 14:01:00
373,Doncaster Race Course: Weston Park Cancer Charity Evening Racing,"Doncaster Racecourse, Doncaster",31 May,/events/210110-doncaster-race-course-weston-park-cancer-charity-evening-racing,https://nhs.ticketsforgood.co.uk,"Family & Attractions, Sport",ticketsforgood,2024-05-31,204.0,2024-04-15 13:01:00
380,INFECTED RAIN,"The Underworld, London",29 August,/events/210312-infected-rain,https://nhs.ticketsforgood.co.uk,Music,ticketsforgood,2024-08-29,299.0,2024-04-16 14:01:00
381,CRYPTA,"The Underworld, London",09 August,/events/210315-crypta,https://nhs.ticketsforgood.co.uk,Music,ticketsforgood,2024-08-09,288.0,2024-04-16 15:01:00
382,ILL NIÑO,"The Underworld, London",13 September,/events/210339-ill-nino,https://nhs.ticketsforgood.co.uk,Music,ticketsforgood,2024-09-13,313.0,2024-04-16 16:01:00
383,SUTCLIFFE NO MORE // ALTERNATIVE TV // BRIGHTER DEATH NOW,"The Underworld, London",15 November,/events/210405-sutcliffe-no-more-alternative-tv-brighter-death-now,https://nhs.ticketsforgood.co.uk,Music,ticketsforgood,2024-11-15,330.0,2024-04-17 11:01:00
385,Parklife 2024 (Ballot),"Heaton Park, Manchester",08 June-09 June,/events/210108-parklife-2024-ballot,https://nhs.ticketsforgood.co.uk,Festivals,ticketsforgood,2024-06-09,246.0,2024-04-17 12:01:00
384,Prince Charming (Discounted Offer),"Little Angel Theatre, London",18 May-27 July,/events/210542-prince-charming-discounted-offer,https://nhs.ticketsforgood.co.uk,Theatre,ticketsforgood,2024-07-27,188.0,2024-04-17 12:01:00
389,TNT Ignition Wrestling: High Voltage,"Fusion, Liverpool",01 June,/events/210545-tnt-ignition-wrestling-high-voltage,https://nhs.ticketsforgood.co.uk,Sport,ticketsforgood,2024-06-01,234.0,2024-04-17 14:01:00
390,TNT Extreme Wrestling X BZW - Day One,"Fusion, Liverpool",01 June,/events/210603-tnt-extreme-wrestling-x-bzw-day-one,https://nhs.ticketsforgood.co.uk,Sport,ticketsforgood,2024-06-01,237.0,2024-04-17 15:01:00
391,TNT Ignition Wrestling: AfterShock,"Fusion, Liverpool",02 June,/events/210636-tnt-ignition-wrestling-aftershock,https://nhs.ticketsforgood.co.uk,Sport,ticketsforgood,2024-06-02,241.0,2024-04-17 15:01:00
392,TNT Extreme Wrestling X BZW - Day Two,"Fusion, Liverpool",02 June,/events/210637-tnt-extreme-wrestling-x-bzw-day-two,https://nhs.ticketsforgood.co.uk,Not Listed,ticketsforgood,2024-06-02,242.0,2024-04-17 15:01:00
393,TNT Extreme Wrestling: Thrill Kill - Deathmatch Tournament,"Fusion, Liverpool",02 June,/events/210637-tnt-extreme-wrestling-thrill-kill-deathmatch-tournament,https://nhs.ticketsforgood.co.uk,Not Listed,ticketsforgood,2024-06-02,238.0,2024-04-18 10:01:00
400,One Day International Cricket: England U19’s vs India U19’s,"The Cloud County Ground, Chelmsford",28 June,/events/210438-one-day-international-cricket-england-u19-s-vs-india-u19-s,https://nhs.ticketsforgood.co.uk,"Family & Attractions, Sport",ticketsforgood,2024-06-28,282.0,2024-04-18 16:01:00
399,Derbyshire Cricket T20 Double Header - Family Fun Day,"The Incora County Ground, Derby",16 June,/events/210903-derbyshire-cricket-t20-double-header-family-fun-day,https://nhs.ticketsforgood.co.uk,"Family & Attractions, Sport",ticketsforgood,2024-06-16,273.0,2024-04-18 16:01:00
417,Mostly Jazz,"Moseley Park, Birmingham",12 July-14 July,/events/211231-mostly-jazz,https://nhs.ticketsforgood.co.uk,Festivals,ticketsforgood,2024-07-14,254.0,2024-04-22 15:01:00
432,The Fleshtones,"The Underworld, London",30 May,/events/211561-the-fleshtones,https://nhs.ticketsforgood.co.uk,Music,ticketsforgood,2024-05-30,208.0,2024-04-23 16:01:00
440,Parklife 2024 (Discounted Offer),"Heaton Park, Manchester",08 June-09 June,/events/211890-parklife-2024-discounted-offer,https://nhs.ticketsforgood.co.uk,Festivals,ticketsforgood,2024-06-09,239.0,2024-04-24 15:01:00
441,Mostly Jazz Funk & Soul Festival,"Moseley Park, Birmingham",12 July-14 July,/events/211231-mostly-jazz-funk-soul-festival,https://nhs.ticketsforgood.co.uk,Festivals,ticketsforgood,2024-07-14,271.0,2024-04-24 15:01:00
439,Sons of the East,"Various O2 Venues, Various",25 May-30 May,/events/211923-sons-of-the-east,https://nhs.ticketsforgood.co.uk,Music,ticketsforgood,2024-05-30,208.0,2024-04-24 15:01:00
442,Outbreak Festival 2024 (Friday Only),"Bowlers Exhibition Centre, Manchester",28 June,/events/211494-outbreak-festival-2024-friday-only,https://nhs.ticketsforgood.co.uk,Festivals,ticketsforgood,2024-06-28,258.0,2024-04-25 09:01:00
443,Mr Big / Living Colour,"O2 Academy Leeds, Leeds",22 July,/events/211989-mr-big-living-colour,https://nhs.ticketsforgood.co.uk,Music,ticketsforgood,2024-07-22,279.0,2024-04-25 10:01:00
445,Main Event Wrestling Presents Wrestlestock,"Innisfree Sports & Social Club, Newcast...",07 June,/events/212022-main-event-wrestling-presents-wrestlestock,https://nhs.ticketsforgood.co.uk,Sport,ticketsforgood,2024-06-07,239.0,2024-04-25 11:01:00
444,Vitality Blast: Middlesex vs Kent Spitfires,"The Cloud County Ground, Chelmsford",31 May,/events/212023-vitality-blast-middlesex-vs-kent-spitfires,https://nhs.ticketsforgood.co.uk,Sport,ticketsforgood,2024-05-31,219.0,2024-04-25 11:01:00
446,Mr Big / Living Colour,"O2 Academy Liverpool, Liverpool",27 July,/events/212088-mr-big-living-colour,https://nhs.ticketsforgood.co.uk,Music,ticketsforgood,2024-07-27,288.0,2024-04-25 12:01:00
449,Metro Bank One Day Cup: Middlesex vs Hampshire,"Merchant Taylors' School, Middlesex",14 August,/events/212092-metro-bank-one-day-cup-middlesex-vs-hampshire,https://nhs.ticketsforgood.co.uk,"Family & Attractions, Sport",ticketsforgood,2024-08-14,304.0,2024-04-25 13:01:00
448,Metro Bank One Day Cup: Middlesex vs Durham,"Radlett Cricket Club, Hertfordshire",06 August,/events/212091-metro-bank-one-day-cup-middlesex-vs-durham,https://nhs.ticketsforgood.co.uk,"Family & Attractions, Sport",ticketsforgood,2024-08-06,296.0,2024-04-25 13:01:00
447,Metro Bank One Day Cup: Middlesex vs Northamptonshire,"Radlett Cricket Club, Hertfordshire",29 July,/events/212055-metro-bank-one-day-cup-middlesex-vs-northamptonshire,https://nhs.ticketsforgood.co.uk,"Family & Attractions, Sport",ticketsforgood,2024-07-29,292.0,2024-04-25 13:01:00
459,Gladys Knight's Birthday Party,"The Forge, London",28 May,/events/212156-gladys-knight-s-birthday-party,https://nhs.ticketsforgood.co.uk,Music,ticketsforgood,2024-05-28,216.0,2024-04-25 14:01:00
460,Seven Drunken Nights: The Story of the Dubliners,"New Theatre Cardiff, Cardiff",30 May,/events/212157-seven-drunken-nights-the-story-of-the-dubliners,https://nhs.ticketsforgood.co.uk,Music,ticketsforgood,2024-05-30,219.0,2024-04-25 14:01:00
468,County Championship Cricket: Middlesex vs Northamptonshire,"Merchant Taylors' School, Middlesex",22 August-25 August,/events/212154-county-championship-cricket-middlesex-vs-northamptonshire,https://nhs.ticketsforgood.co.uk,"Family & Attractions, Sport",ticketsforgood,2024-08-25,316.0,2024-04-25 15:01:00
469,Derek Mitchell: Double Dutch ,"The Pen Theatre, London",14 June,/events/212161-derek-mitchell-double-dutch,https://nhs.ticketsforgood.co.uk,"Comedy, Theatre",ticketsforgood,2024-06-14,254.0,2024-04-25 15:01:00
467,British Open Squash Championships 2024,"Birmingham Rep, Birmingham",02 June-05 June,/events/212162-british-open-squash-championships-2024,https://nhs.ticketsforgood.co.uk,Sport,ticketsforgood,2024-06-05,235.0,2024-04-25 15:01:00
470,Vitality Blast: Middlesex vs Gloucestershire,"The Cloud County Ground, Chelmsford",18 July,/events/212353-vitality-blast-middlesex-vs-gloucestershire,https://nhs.ticketsforgood.co.uk,Sport,ticketsforgood,2024-07-18,284.0,2024-04-26 09:01:00
473,Amelia Bayler: Easy Second Album,"The Pen Theatre, London",06 July,/events/212814-amelia-bayler-easy-second-album,https://nhs.ticketsforgood.co.uk,"Comedy, Theatre",ticketsforgood,2024-07-06,281.0,2024-04-26 11:01:00
472,Sam Dodgshson’s Memory Is Full,"The Pen Theatre, London",15 June,/events/212782-sam-dodgshson-s-memory-is-full,https://nhs.ticketsforgood.co.uk,Theatre,ticketsforgood,2024-06-15,258.0,2024-04-26 11:01:00
475,Aston Merrygold,"O2 Shepherd's Bush Empire, London",18 October,/events/212884-aston-merrygold,https://nhs.ticketsforgood.co.uk,Music,ticketsforgood,2024-10-18,354.0,2024-04-26 14:01:00
476,Aston Merrygold,"O2 Ritz, Manchester",19 October,/events/212885-aston-merrygold,https://nhs.ticketsforgood.co.uk,Music,ticketsforgood,2024-10-19,357.0,2024-04-26 14:01:00
474,Aston Merrygold,"O2 Academy  Birmingham, Birmingham",11 October,/events/212781-aston-merrygold,https://nhs.ticketsforgood.co.uk,Music,ticketsforgood,2024-10-11,353.0,2024-04-26 14:01:00
477,The Guinea Pig Club,"Tattershall Castle, London",07 May-23 July,/events/212886-the-guinea-pig-club,https://nhs.ticketsforgood.co.uk,Comedy,ticketsforgood,2024-07-23,137.0,2024-04-26 15:01:00
481,ExpeRience: Sensational Senses ,"The Royal Institution of Great Britain,...",02 July,/events/212980-experience-sensational-senses,https://nhs.ticketsforgood.co.uk,Not Listed,ticketsforgood,2024-07-02,291.0,2024-04-26 16:01:00
480,How Women Drove Evolution,"The Royal Institution of Great Britain,...",08 June,/events/212946-how-women-drove-evolution,https://nhs.ticketsforgood.co.uk,Not Listed,ticketsforgood,2024-06-08,266.0,2024-04-26 16:01:00
479,Jonny & The Baptists,"Chorley Theatre, Chorley",31 May,/events/212913-jonny-the-baptists,https://nhs.ticketsforgood.co.uk,Music,ticketsforgood,2024-05-31,241.0,2024-04-26 16:01:00
478,The CMS Experiment at CERN,"The Royal Institution of Great Britain,...",28 May,/events/212889-the-cms-experiment-at-cern,https://nhs.ticketsforgood.co.uk,Family & Attractions,ticketsforgood,2024-05-28,230.0,2024-04-26 16:01:00
482,The Gin To My Tonic Show: The Ultimate Gin & Spirit Festival (Discounted Offer),"Various Venues, UK, UK",17 November-22 June,/events/135494-the-gin-to-my-tonic-show-the-ultimate-gin-spirit-festival-discounted-offer,https://nhs.ticketsforgood.co.uk,Festivals,ticketsforgood,2024-06-22,0.0,2024-04-29 09:01:00
483,Seven Drunken Nights: The Story of the Dubliners (Discounted Offer),"New Theatre Cardiff, Cardiff",30 May,/events/212159-seven-drunken-nights-the-story-of-the-dubliners-discounted-offer,https://nhs.ticketsforgood.co.uk,Music,ticketsforgood,2024-05-30,180.0,2024-04-29 10:01:00
484,How Games Shape Our Reality ,"The Royal Institution of Great Britain,...",15 June,/events/213144-how-games-shape-our-reality,https://nhs.ticketsforgood.co.uk,Family & Attractions,ticketsforgood,2024-06-15,222.0,2024-04-29 12:01:00
485,Is Maths Real?,"The Royal Institution of Great Britain,...",17 June,/events/213145-is-maths-real,https://nhs.ticketsforgood.co.uk,Family & Attractions,ticketsforgood,2024-06-17,225.0,2024-04-29 12:01:00
486,Dark Energy: Einstein’s biggest “Blunder”?,"The Royal Institution of Great Britain,...",24 June,/events/213146-dark-energy-einstein-s-biggest-blunder,https://nhs.ticketsforgood.co.uk,Family & Attractions,ticketsforgood,2024-06-24,233.0,2024-04-29 12:01:00
488,Galileo’s Gaze: The Secrets of Cosmic Discovery,"The Royal Institution of Great Britain,...",06 July,/events/213243-galileo-s-gaze-the-secrets-of-cosmic-discovery,https://nhs.ticketsforgood.co.uk,Family & Attractions,ticketsforgood,2024-07-06,252.0,2024-04-29 13:01:00
491,Science and Sorcery: Family event (evening),"The Royal Institution of Great Britain,...",27 July,/events/213279-science-and-sorcery-family-event-evening,https://nhs.ticketsforgood.co.uk,Family & Attractions,ticketsforgood,2024-07-27,272.0,2024-04-29 13:01:00
489,It’s a Gas,"The Royal Institution of Great Britain,...",11 July,/events/213276-it-s-a-gas,https://nhs.ticketsforgood.co.uk,Family & Attractions,ticketsforgood,2024-07-11,255.0,2024-04-29 13:01:00
487,"Family Fun Day: Taste, Touch, Feel","The Royal Institution of Great Britain,...",06 July,/events/213213-family-fun-day-taste-touch-feel,https://nhs.ticketsforgood.co.uk,Family & Attractions,ticketsforgood,2024-07-06,249.0,2024-04-29 13:01:00
490,Science and Sorcery: Family event (matinee),"The Royal Institution of Great Britain,...",27 July,/events/213278-science-and-sorcery-family-event-matinee,https://nhs.ticketsforgood.co.uk,Family & Attractions,ticketsforgood,2024-07-27,271.0,2024-04-29 13:01:00
492,For your Inspiration: AI and Me,"The Royal Institution of Great Britain,...",07 June,/events/213280-for-your-inspiration-ai-and-me,https://nhs.ticketsforgood.co.uk,Family & Attractions,ticketsforgood,2024-06-07,211.0,2024-04-29 14:01:00
495,The First Human Womb Transplant,"The Royal Institution of Great Britain,...",14 June,/events/213283-the-first-human-womb-transplant,https://nhs.ticketsforgood.co.uk,Not Listed,ticketsforgood,2024-06-14,224.0,2024-04-29 15:01:00
493,Coram Boy (Discounted Offer),"Chichester Festival Theatre, Chichester",24 May-28 May,/events/211528-coram-boy-discounted-offer,https://nhs.ticketsforgood.co.uk,Theatre,ticketsforgood,2024-05-28,168.0,2024-04-29 15:01:00
494,Saving the World's Botany ,"The Royal Institution of Great Britain,...",10 June,/events/213281-saving-the-world-s-botany,https://nhs.ticketsforgood.co.uk,Not Listed,ticketsforgood,2024-06-10,221.0,2024-04-29 15:01:00
496,Eastern Electrics (Ballot),"Lee Valley Showground, London",24 August,/events/213111-eastern-electrics-ballot,https://nhs.ticketsforgood.co.uk,Festivals,ticketsforgood,2024-08-24,300.0,2024-04-30 09:01:00
504,Cerys O’Connell: H’ALLO,"The Pen Theatre, London",14 June,/events/213443-cerys-o-connell-h-allo,https://nhs.ticketsforgood.co.uk,Theatre,ticketsforgood,2024-06-14,227.0,2024-04-30 10:01:00
507,Katie Green: Ay Mija!,"The Pen Theatre, London",18 June,/events/213444-katie-green-ay-mija,https://nhs.ticketsforgood.co.uk,"Comedy, Theatre",ticketsforgood,2024-06-18,239.0,2024-04-30 11:01:00
508,My Brain is Soup Your Hands are the Spoons,"The Pen Theatre, London",21 June,/events/213445-my-brain-is-soup-your-hands-are-the-spoons,https://nhs.ticketsforgood.co.uk,"Comedy, Theatre",ticketsforgood,2024-06-21,244.0,2024-04-30 11:01:00
510,Holly Spillar: Tall Child,"The Pen Theatre, London",22 June,/events/213448-holly-spillar-tall-child,https://nhs.ticketsforgood.co.uk,"Comedy, Theatre",ticketsforgood,2024-06-22,247.0,2024-04-30 12:01:00
509,Tom Ward & Stuart Laws Comedy,"The Pen Theatre, London",19 June,/events/213447-tom-ward-stuart-laws-comedy,https://nhs.ticketsforgood.co.uk,"Comedy, Theatre",ticketsforgood,2024-06-19,242.0,2024-04-30 12:01:00
511,Rice - Alvin Liu,"The Pen Theatre, London",05 July,/events/213574-rice-alvin-liu,https://nhs.ticketsforgood.co.uk,"Comedy, Theatre",ticketsforgood,2024-07-05,273.0,2024-04-30 16:01:00
512,CrimeLandTown - Ben Goldsmith,"The Pen Theatre, London",11 July,/events/213575-crimelandtown-ben-goldsmith,https://nhs.ticketsforgood.co.uk,"Comedy, Theatre",ticketsforgood,2024-07-11,283.0,2024-04-30 16:01:00
513,Isabelle Farah: Nebuchadnezzar,"The Pen Theatre, London",18 July,/events/213577-isabelle-farah-nebuchadnezzar,https://nhs.ticketsforgood.co.uk,"Comedy, Theatre",ticketsforgood,2024-07-18,288.0,2024-04-30 16:01:00
153,Stowaway Festival 2024 (Ballot),"Stowaway Festival, Buckinghamshire",16 August-19 August,/events/206674-stowaway-festival-2024-ballot,https://nhs.ticketsforgood.co.uk,Festivals,ticketsforgood,2024-08-19,311.0,2024-05-03 10:01:00
154,BREED 77,"The Underworld, London",29 May,/events/206726-breed-77,https://nhs.ticketsforgood.co.uk,Music,ticketsforgood,2024-05-29,288.0,2024-05-03 11:01:00
155,Progress Wrestling: Chapter 169 - Wrestling Never Sleeps,"Electric Ballroom, London",26 August,/events/206727-progress-wrestling-chapter-169-wrestling-never-sleeps,https://nhs.ticketsforgood.co.uk,Sport,ticketsforgood,2024-08-26,322.0,2024-05-03 13:01:00
158,Wellnergy Festival ,"Various, UK",15 June-06 July,/events/206734-wellnergy-festival,https://nhs.ticketsforgood.co.uk,Festivals,ticketsforgood,2024-07-06,308.0,2024-05-03 15:01:00
159,Crooked House in the Park Festival ,"Beacon Park, Lichfield",25 August,/events/206721-crooked-house-in-the-park-festival,https://nhs.ticketsforgood.co.uk,"Festivals, Music",ticketsforgood,2024-08-25,328.0,2024-05-03 16:01:00
647,Diana & Lionel - Endless Love The Show (Discounted Offer),"Multiple Venues, Wales",10 May-13 June,/events/214169-diana-lionel-endless-love-the-show-discounted-offer,https://nhs.ticketsforgood.co.uk,Theatre,ticketsforgood,2024-06-13,19.0,2024-05-13 09:01:00
646,Dabbers Bingo Comedy Caller Competition - Semi-Finals and Grand Final,"Dabbers Social Bingo City, London",02 May-07 July,/events/215724-dabbers-bingo-comedy-caller-competition-semi-finals-and-grand-final,https://nhs.ticketsforgood.co.uk,"Club, Comedy",ticketsforgood,2024-07-07,15.0,2024-05-13 09:01:00
650,Daliso Chaponda: Feed This Black Man Again,"Churchill  Theatre, Bromley",21 June,/events/215817-daliso-chaponda-feed-this-black-man-again,https://nhs.ticketsforgood.co.uk,Comedy,ticketsforgood,2024-06-21,209.0,2024-05-13 10:01:00
655,Westival 2024 (Discounted Offer),"Shipping Hill Farm, Tenby",06 June-10 June,/events/214961-westival-2024-discounted-offer,https://nhs.ticketsforgood.co.uk,Festivals,ticketsforgood,2024-06-10,174.0,2024-05-13 15:01:00
656,Jazz Cafe Festival (Ballot),"Burgess Park, London",15 September,/events/216015-jazz-cafe-festival-ballot,https://nhs.ticketsforgood.co.uk,Festivals,ticketsforgood,2024-09-15,303.0,2024-05-14 11:01:00
657,Gen & The Degenerates,"Signature Brew Blackhorse Road, London",30 May,/events/216312-gen-the-degenerates,https://nhs.ticketsforgood.co.uk,Music,ticketsforgood,2024-05-30,151.0,2024-05-14 14:01:00
658,Dexys,"The Lighthouse, Poole",29 May,/events/216351-dexys,https://nhs.ticketsforgood.co.uk,Music,ticketsforgood,2024-05-29,0.0,2024-05-14 15:01:00
662,Ru Paul's Drag Race Quiz ,"Signature Brew Blackhorse Road, London",28 May,/events/216378-ru-paul-s-drag-race-quiz,https://nhs.ticketsforgood.co.uk,Family & Attractions,ticketsforgood,2024-05-28,2.0,2024-05-14 16:01:00
661,Hop Punk Festival,"Signature Brew Blackhorse Road, London",31 May,/events/216380-hop-punk-festival,https://nhs.ticketsforgood.co.uk,Music,ticketsforgood,2024-05-31,1.0,2024-05-14 16:01:00
660,Daliso Chaponda: Feed This Black Man Again,"The Studio Theatre, Bradford",08 June,/events/216381-daliso-chaponda-feed-this-black-man-again,https://nhs.ticketsforgood.co.uk,Comedy,ticketsforgood,2024-06-08,0.0,2024-05-14 16:01:00
663,MLB World Tour: London Series,"London Stadium, London",09 June,/events/216382-mlb-world-tour-london-series,https://nhs.ticketsforgood.co.uk,Sport,ticketsforgood,2024-06-09,0.0,2024-05-15 09:01:00
664,Mostly Jazz Funk & Soul Festival (Discounted Offer),"Moseley Park, Birmingham",12 July-14 July,/events/216444-mostly-jazz-funk-soul-festival-discounted-offer,https://nhs.ticketsforgood.co.uk,Festivals,ticketsforgood,2024-07-14,1.0,2024-05-15 11:01:00
665,York Knights & Valkyrie 2024 Home Games (Discounted Offer),"LNER Community Stadium, York",19 May-29 September,/events/215784-york-knights-valkyrie-2024-home-games-discounted-offer,https://nhs.ticketsforgood.co.uk,Sport,ticketsforgood,2024-09-29,35.0,2024-05-15 13:01:00
679,The Importance of being Oscar ,"Reading Rep Theatre, Reading",29 May,/events/216708-the-importance-of-being-oscar,https://nhs.ticketsforgood.co.uk,Theatre,ticketsforgood,2024-05-29,4.0,2024-05-16 12:01:00
677,The Importance of being Oscar ,"Reading Rep Theatre, Reading",24 May-28 May,/events/216741-the-importance-of-being-oscar,https://nhs.ticketsforgood.co.uk,Not Listed,ticketsforgood,2024-05-28,2.0,2024-05-16 12:01:00
678,Rabbits Out Of The Hat,"Stanley Hall, Stanley Arts, London",30 May,/events/216775-rabbits-out-of-the-hat,https://nhs.ticketsforgood.co.uk,Theatre,ticketsforgood,2024-05-30,0.0,2024-05-16 12:01:00
680,The Gathering Festival,"Meridian Showground Events Arena, Cleet...",08 June,/events/216840-the-gathering-festival,https://nhs.ticketsforgood.co.uk,"Festivals, Music",ticketsforgood,2024-06-08,0.0,2024-05-16 13:01:00
682,True Grit Wrestling Presents Invasion,"Millthorpe School, York",08 June,/events/216906-true-grit-wrestling-presents-invasion,https://nhs.ticketsforgood.co.uk,"Family & Attractions, Sport",ticketsforgood,2024-06-08,0.0,2024-05-16 14:01:00
683,Harm’s Way,"The Underworld, London",01 July,/events/216875-harm-s-way,https://nhs.ticketsforgood.co.uk,Music,ticketsforgood,2024-07-01,1.0,2024-05-16 14:01:00
684,Boogietown North,"Manchester Barton Aerodrome, Manchester",27 July,/events/216873-boogietown-north,https://nhs.ticketsforgood.co.uk,Music,ticketsforgood,2024-07-27,3.0,2024-05-16 14:01:00
681,2:22 A Ghost Story (Discounted Offer),"Gielgud Theatre, London",28 May-02 June,/events/216874-2-22-a-ghost-story-discounted-offer,https://nhs.ticketsforgood.co.uk,Theatre,ticketsforgood,2024-06-02,2.0,2024-05-16 14:01:00
686,Bilal Zafar: Imposter,"Firebug, Leicester",01 June,/events/216943-bilal-zafar-imposter,https://nhs.ticketsforgood.co.uk,Comedy,ticketsforgood,2024-06-01,0.0,2024-05-16 15:01:00
687,The Conduit Comedy Night,"The Conduit, London",07 June,/events/216941-the-conduit-comedy-night,https://nhs.ticketsforgood.co.uk,Comedy,ticketsforgood,2024-06-07,2.0,2024-05-16 15:01:00
685,Craft Brew Festival (Discounted Offer),"Invisible Wind Factory, Liverpool",21 June-22 June,/events/216939-craft-brew-festival-discounted-offer,https://nhs.ticketsforgood.co.uk,"Family & Attractions, Festivals",ticketsforgood,2024-06-22,4.0,2024-05-16 15:01:00
689,The Glass Menagerie (Discounted Offer),"Alexandra Palace, London",22 May-31 May,/events/216944-the-glass-menagerie-discounted-offer,https://nhs.ticketsforgood.co.uk,Theatre,ticketsforgood,2024-05-31,1.0,2024-05-16 16:01:00
690,Trance In The Woods,"Elvaston Castle Country Park, Derby",01 June,/events/216675-trance-in-the-woods,https://nhs.ticketsforgood.co.uk,"Festivals, Music",ticketsforgood,2024-06-01,18.0,2024-05-17 10:01:00
699,UEFA Women’s EURO 2025 Qualifier: England vs France,"St James' Park, Newcastle upon Tyne",31 May,/events/216972-uefa-women-s-euro-2025-qualifier-england-vs-france,https://nhs.ticketsforgood.co.uk,Sport,ticketsforgood,2024-05-31,1.0,2024-05-17 11:01:00
701,Kings Of Thrash,"The Underworld, London",24 October,/events/217038-kings-of-thrash,https://nhs.ticketsforgood.co.uk,Music,ticketsforgood,2024-10-24,1.0,2024-05-17 12:01:00
700,Nadiya & Kai: Behind The Magic (Discounted Offer),"Pavilion Theatre, Glasgow",02 June,/events/217071-nadiya-kai-behind-the-magic-discounted-offer,https://nhs.ticketsforgood.co.uk,Theatre,ticketsforgood,2024-06-02,0.0,2024-05-17 12:01:00
702,Bristol Craft Beer Festival (Discounted Offer),"Document, Bristol",30 August-31 August,/events/217005-bristol-craft-beer-festival-discounted-offer,https://nhs.ticketsforgood.co.uk,Festivals,ticketsforgood,2024-08-31,4.0,2024-05-17 13:01:00
706,Frankie Goes to Bollywood ,"The Beck Theatre, Hayes",28 May,/events/217140-frankie-goes-to-bollywood,https://nhs.ticketsforgood.co.uk,Theatre,ticketsforgood,2024-05-28,0.0,2024-05-17 14:01:00
708,Ria Lina: Reawakening (Discounted Offer),"Tacchi-Morris Arts Centre, Taunton, Som...",05 June,/events/217138-ria-lina-reawakening-discounted-offer,https://nhs.ticketsforgood.co.uk,Comedy,ticketsforgood,2024-06-05,2.0,2024-05-17 14:01:00
707,One Night in Dublin (Discounted Offer),"Wycombe Swan Theatre, High Wycombe",29 May,/events/217139-one-night-in-dublin-discounted-offer,https://nhs.ticketsforgood.co.uk,Music,ticketsforgood,2024-05-29,1.0,2024-05-17 14:01:00
705,Bristol Craft Beer Festival (Discounted Offer),Bristol Amphitheatre and Waterfront Squ...,07 June-08 June,/events/214299-bristol-craft-beer-festival-discounted-offer,https://nhs.ticketsforgood.co.uk,Festivals,ticketsforgood,2024-06-08,118.0,2024-05-17 14:01:00
711,Frankie Goes to Bollywood (Discounted Offer),"The Beck Theatre, Hayes",28 May-29 May,/events/217143-frankie-goes-to-bollywood-discounted-offer,https://nhs.ticketsforgood.co.uk,Theatre,ticketsforgood,2024-05-29,2.0,2024-05-17 15:01:00
713,Show Me Love 90’s Supper Club ,"Cinnabar, Stevenage",01 June,/events/217144-show-me-love-90-s-supper-club,https://nhs.ticketsforgood.co.uk,Club,ticketsforgood,2024-06-01,1.0,2024-05-17 15:01:00
712,Charlie Cook’s Favourite Book (Discounted Offer),"Wycombe Swan Theatre, High Wycombe",08 June-09 June,/events/217141-charlie-cook-s-favourite-book-discounted-offer,https://nhs.ticketsforgood.co.uk,"Family & Attractions, Theatre",ticketsforgood,2024-06-09,4.0,2024-05-17 15:01:00
714,Jonny & The Baptists,"The Rondo Theatre, Bath",13 June,/events/217237-jonny-the-baptists,https://nhs.ticketsforgood.co.uk,Comedy,ticketsforgood,2024-06-13,0.0,2024-05-17 16:01:00
715,Hello Again: The Story of Neil Diamond,"Newcastle O2 City Hall, Newcastle upon ...",02 June,/events/217236-hello-again-the-story-of-neil-diamond,https://nhs.ticketsforgood.co.uk,Music,ticketsforgood,2024-06-02,1.0,2024-05-17 16:01:00
716,Moovin Festival (Discounted Offer),"Whitebottom Farm, Stockport",23 August-25 August,/events/217335-moovin-festival-discounted-offer,https://nhs.ticketsforgood.co.uk,Festivals,ticketsforgood,2024-08-25,3.0,2024-05-20 12:01:00
718,Talk Art Live with Corbin Shaw (Discounted Offer),"Sheffield City Hall, Sheffield",01 June,/events/217435-talk-art-live-with-corbin-shaw-discounted-offer,https://nhs.ticketsforgood.co.uk,Arts,ticketsforgood,2024-06-01,0.0,2024-05-20 13:01:00
720,Lords T20 Double Header - Sunrisers v South-East Stars | Middlesex v Glamorgan,"Lord's Cricket Ground, London",06 June,/events/217467-lords-t20-double-header-sunrisers-v-south-east-stars-middlesex-v-glamorgan,https://nhs.ticketsforgood.co.uk,Sport,ticketsforgood,2024-06-06,0.0,2024-05-20 14:01:00
727,Vitality Blast: Middlesex vs Somerset,"Lord's Cricket Ground, London",11 June,/events/217568-vitality-blast-middlesex-vs-somerset,https://nhs.ticketsforgood.co.uk,Sport,ticketsforgood,2024-06-11,1.0,2024-05-20 16:01:00
726,Vitality Blast: Middlesex vs Surrey,"Lord's Cricket Ground, London",20 June,/events/217599-vitality-blast-middlesex-vs-surrey,https://nhs.ticketsforgood.co.uk,Sport,ticketsforgood,2024-06-20,0.0,2024-05-20 16:01:00
730,Secret Island Festival (Discounted Offer),"Strood Field, Colchester",20 July,/events/217302-secret-island-festival-discounted-offer,https://nhs.ticketsforgood.co.uk,Festivals,ticketsforgood,2024-07-20,11.0,2024-05-20 16:01:00
729,The Queen’s Reading Room,"Hampton Court Palace, East Molesey",08 June,/events/217500-the-queen-s-reading-room,https://nhs.ticketsforgood.co.uk,Arts,ticketsforgood,2024-06-08,3.0,2024-05-20 16:01:00
731,Secret Island Festival,"Strood Field, Colchester",20 July,/events/217269-secret-island-festival,https://nhs.ticketsforgood.co.uk,Festivals,ticketsforgood,2024-07-20,12.0,2024-05-20 16:01:00
728,Betfred Super League: Salford Red Devils vs London Broncos,"Salford Community Stadium, Salford",02 June,/events/217566-betfred-super-league-salford-red-devils-vs-london-broncos,https://nhs.ticketsforgood.co.uk,Sport,ticketsforgood,2024-06-02,2.0,2024-05-20 16:01:00
732,London Craft Beer Festival (Discounted Offer),"Tobacco Dock, London",09 August-10 August,/events/217567-london-craft-beer-festival-discounted-offer,https://nhs.ticketsforgood.co.uk,Festivals,ticketsforgood,2024-08-10,2.0,2024-05-21 09:01:00
735,"Nocturne Live: Soft Cell, Heather Small & Heaven 17 (Discounted Offer)","Blenheim Palace, Oxford",14 June,/events/217633-nocturne-live-soft-cell-heather-small-heaven-17-discounted-offer,https://nhs.ticketsforgood.co.uk,Music,ticketsforgood,2024-06-14,1.0,2024-05-21 10:01:00
734,Lords T20 Double Header - Sunrisers v The Blaze | Middlesex v Essex Eagles,"Lord's Cricket Ground, London",13 June,/events/217636-lords-t20-double-header-sunrisers-v-the-blaze-middlesex-v-essex-eagles,https://nhs.ticketsforgood.co.uk,Sport,ticketsforgood,2024-06-13,0.0,2024-05-21 10:01:00
733,Junction 2 Festival 2024 (Discounted Offer),"Boston Manor Park, London",26 July-28 July,/events/217632-junction-2-festival-2024-discounted-offer,https://nhs.ticketsforgood.co.uk,"Festivals, Music",ticketsforgood,2024-07-28,2.0,2024-05-21 10:01:00
747,Princess Smartypants (Discounted Offer),"Lyric Hammersmith Theatre, London",28 May-01 June,/events/217634-princess-smartypants-discounted-offer,https://nhs.ticketsforgood.co.uk,"Family & Attractions, Theatre",ticketsforgood,2024-06-01,2.0,2024-05-21 11:01:00
748,"Western Wind, When Wilt Thou Blow?","Hampstead Parish Church, London",03 June,/events/217638-western-wind-when-wilt-thou-blow,https://nhs.ticketsforgood.co.uk,Music,ticketsforgood,2024-06-03,0.0,2024-05-21 11:01:00
751,TERRORIZER,"The Underworld, London",01 August,/events/217648-terrorizer,https://nhs.ticketsforgood.co.uk,Music,ticketsforgood,2024-08-01,1.0,2024-05-21 12:01:00
749,The Best In Stand Up,"The Comedy Store London, London",30 May-01 August,/events/217637-the-best-in-stand-up,https://nhs.ticketsforgood.co.uk,Comedy,ticketsforgood,2024-08-01,10.0,2024-05-21 12:01:00
752,LIVE AT THE CLAPHAM GRAND WITH JOHN KEARNS,"The Clapham Grand, London",31 May,/events/217647-live-at-the-clapham-grand-with-john-kearns,https://nhs.ticketsforgood.co.uk,Comedy,ticketsforgood,2024-05-31,2.0,2024-05-21 12:01:00
757,NILE,"The Underworld, London",11 September,/events/217642-nile,https://nhs.ticketsforgood.co.uk,Music,ticketsforgood,2024-09-11,7.0,2024-05-21 12:01:00
756,Kirill Gerstein & Friends: BBC Radio 3 Lunchtime Concert,"LSO St Lukes, London",30 May,/events/217643-kirill-gerstein-friends-bbc-radio-3-lunchtime-concert,https://nhs.ticketsforgood.co.uk,Music,ticketsforgood,2024-05-30,6.0,2024-05-21 12:01:00
755,TOMMY VEXT,"The Underworld, London",06 September,/events/217644-tommy-vext,https://nhs.ticketsforgood.co.uk,Music,ticketsforgood,2024-09-06,5.0,2024-05-21 12:01:00
754,SMOKING POPES,"The Underworld, London",10 August,/events/217645-smoking-popes,https://nhs.ticketsforgood.co.uk,Not Listed,ticketsforgood,2024-08-10,4.0,2024-05-21 12:01:00
750,COMBICHRIST,"The Underworld, London",07 August,/events/217649-combichrist,https://nhs.ticketsforgood.co.uk,Music,ticketsforgood,2024-08-07,0.0,2024-05-21 12:01:00
753,FEAR,"The Underworld, London",07 July,/events/217646-fear,https://nhs.ticketsforgood.co.uk,Music,ticketsforgood,2024-07-07,3.0,2024-05-21 12:01:00
761,Ageless Festival: 40/40 by Two Destination Language,"Leeds City College Theatre, Leeds",13 July,/events/217650-ageless-festival-40-40-by-two-destination-language,https://nhs.ticketsforgood.co.uk,Arts,ticketsforgood,2024-07-13,1.0,2024-05-21 13:01:00
760,Ageless Festival: Celebrating Participation,"Leeds City College Theatre, Leeds",12 July,/events/217651-ageless-festival-celebrating-participation,https://nhs.ticketsforgood.co.uk,Arts,ticketsforgood,2024-07-12,0.0,2024-05-21 13:01:00
763,Jazz Cafe (Discounted Offer),"Burgess Park, London",15 September,/events/217653-jazz-cafe-discounted-offer,https://nhs.ticketsforgood.co.uk,Festivals,ticketsforgood,2024-09-15,0.0,2024-05-21 14:01:00
765,Nadiya & Kai: Behind The Magic (Discounted Offer),"Southend Cliffs Pavilion, Southend",27 June,/events/217663-nadiya-kai-behind-the-magic-discounted-offer,https://nhs.ticketsforgood.co.uk,Theatre,ticketsforgood,2024-06-27,0.0,2024-05-21 15:01:00
766,The Leadmill Comedy Club ,"The Leadmill, Sheffield",05 June,/events/217662-the-leadmill-comedy-club,https://nhs.ticketsforgood.co.uk,Comedy,ticketsforgood,2024-06-05,1.0,2024-05-21 15:01:00
767,Ria Lina: Reawakening (Discounted Offer),"Portsmouth Guildhall, Portsmouth",14 June,/events/217660-ria-lina-reawakening-discounted-offer,https://nhs.ticketsforgood.co.uk,Comedy,ticketsforgood,2024-06-14,2.0,2024-05-21 15:01:00
768,Nadiya & Kai: Behind The Magic,"Southend Cliffs Pavilion, Southend",27 June,/events/217667-nadiya-kai-behind-the-magic,https://nhs.ticketsforgood.co.uk,Theatre,ticketsforgood,2024-06-27,0.0,2024-05-21 16:01:00
769,TC & The Groove Family,"Kendal Brewery Arts, Kendal",31 May,/events/217658-tc-the-groove-family,https://nhs.ticketsforgood.co.uk,Music,ticketsforgood,2024-05-31,5.0,2024-05-21 16:01:00
770,Vincen Garcia,"O2 Academy Islington, London",15 August-25 August,/events/217671-vincen-garcia,https://nhs.ticketsforgood.co.uk,Music,ticketsforgood,2024-08-25,1.0,2024-05-22 09:01:00
772,"Stylo G, Kalibwoy, Limitlezz + More","Hootananny Brixton, London",28 June-29 June,/events/217768-stylo-g-kalibwoy-limitlezz-more,https://nhs.ticketsforgood.co.uk,"Club, Music",ticketsforgood,2024-06-29,1.0,2024-05-22 10:01:00
773,The Acacia Strain,"O2 Academy Islington, London",04 July,/events/217766-the-acacia-strain,https://nhs.ticketsforgood.co.uk,Music,ticketsforgood,2024-07-04,3.0,2024-05-22 10:01:00
774,Summer Opera Gala,"Hampstead Parish Church, London",08 July,/events/217764-summer-opera-gala,https://nhs.ticketsforgood.co.uk,Music,ticketsforgood,2024-07-08,5.0,2024-05-22 10:01:00
775,In the Sky,"Hampstead Parish Church, London",12 August,/events/217731-in-the-sky,https://nhs.ticketsforgood.co.uk,Music,ticketsforgood,2024-08-12,6.0,2024-05-22 10:01:00
771,MS NINA,"Hootananny Brixton, London",22 June-23 June,/events/217769-ms-nina,https://nhs.ticketsforgood.co.uk,"Club, Music",ticketsforgood,2024-06-23,0.0,2024-05-22 10:01:00
776,CHILDREN OF ZEUS,"Hootananny Brixton, London",08 June-09 June,/events/217772-children-of-zeus,https://nhs.ticketsforgood.co.uk,"Club, Music",ticketsforgood,2024-06-09,4.0,2024-05-22 11:01:00
780,Ringo Deathstarr,"O2 Academy  Birmingham, Birmingham",02 September,/events/217774-ringo-deathstarr,https://nhs.ticketsforgood.co.uk,Music,ticketsforgood,2024-09-02,2.0,2024-05-22 11:01:00
779,Ringo Deathstarr,"O2 Academy Islington, London",06 September,/events/217775-ringo-deathstarr,https://nhs.ticketsforgood.co.uk,Music,ticketsforgood,2024-09-06,1.0,2024-05-22 11:01:00
778,Comedy Double Bill with Matt Forde & Huge Davis,"The Pen Theatre, London",04 June,/events/217777-comedy-double-bill-with-matt-forde-huge-davis,https://nhs.ticketsforgood.co.uk,Comedy,ticketsforgood,2024-06-04,0.0,2024-05-22 11:01:00
777,"Analog Africa: Cheb Mimo, Samy Ben RedJeb, Afreekaya","Hootananny Brixton, London",21 June-22 June,/events/217770-analog-africa-cheb-mimo-samy-ben-redjeb-afreekaya,https://nhs.ticketsforgood.co.uk,"Club, Music",ticketsforgood,2024-06-22,6.0,2024-05-22 11:01:00
781,Vincen Garcia,"O2 Academy  Birmingham, Birmingham",17 August,/events/217773-vincen-garcia,https://nhs.ticketsforgood.co.uk,Music,ticketsforgood,2024-08-17,3.0,2024-05-22 11:01:00
782,THE TROUBLE NOTES X GOOD HABITS,"Hootananny Brixton, London",18 June,/events/217771-the-trouble-notes-x-good-habits,https://nhs.ticketsforgood.co.uk,Music,ticketsforgood,2024-06-18,5.0,2024-05-22 11:01:00
789,T20 Double Header - Northern Diamonds / Durham Cricket vs South East Stars / Birmingham Bears,"Seat Unique Riverside Ground, Durham",31 May,/events/217666-t20-double-header-northern-diamonds-durham-cricket-vs-south-east-stars-birmingham-bears,https://nhs.ticketsforgood.co.uk,Sport,ticketsforgood,2024-05-31,24.0,2024-05-22 12:01:00
783,Ministry of Sound Classical (Discounted Offer),"Caldicot Castle, Caldicot",07 June,/events/217782-ministry-of-sound-classical-discounted-offer,https://nhs.ticketsforgood.co.uk,Music,ticketsforgood,2024-06-07,0.0,2024-05-22 12:01:00
784,Group Listening,"Kendal Brewery Arts, Kendal",08 June,/events/217781-group-listening,https://nhs.ticketsforgood.co.uk,Music,ticketsforgood,2024-06-08,1.0,2024-05-22 12:01:00
785,LSO Discovery Showcase,"Barbican Centre, London",13 June,/events/217780-lso-discovery-showcase,https://nhs.ticketsforgood.co.uk,Music,ticketsforgood,2024-06-13,2.0,2024-05-22 12:01:00
786,Sam Sweeney Band,"Kendal Brewery Arts, Kendal",07 June,/events/217779-sam-sweeney-band,https://nhs.ticketsforgood.co.uk,Music,ticketsforgood,2024-06-07,3.0,2024-05-22 12:01:00
787,Clerkenwell Comedy Club,"Knotel at The Old Sessions House, London",29 May,/events/217778-clerkenwell-comedy-club,https://nhs.ticketsforgood.co.uk,Comedy,ticketsforgood,2024-05-29,4.0,2024-05-22 12:01:00
788,Crossed Wires Festival: The Katie Price Show,"Sheffield City Hall, Sheffield",02 June,/events/217776-crossed-wires-festival-the-katie-price-show,https://nhs.ticketsforgood.co.uk,Comedy,ticketsforgood,2024-06-02,6.0,2024-05-22 12:01:00
792,Fat Freddy’s Drop,"Newcastle O2 City Hall, Newcastle upon ...",13 August,/events/217669-fat-freddy-s-drop,https://nhs.ticketsforgood.co.uk,Music,ticketsforgood,2024-08-13,24.0,2024-05-22 13:01:00
791,True Grit Wrestling Presents The True Grit Games - Pride Show,"Leftbank, Leeds",20 July,/events/217784-true-grit-wrestling-presents-the-true-grit-games-pride-show,https://nhs.ticketsforgood.co.uk,Sport,ticketsforgood,2024-07-20,0.0,2024-05-22 13:01:00
794,Vitality Blast - Durham vs Leicestershire Foxes,"Seat Unique Riverside Ground, Durham",12 June,/events/217786-vitality-blast-durham-vs-leicestershire-foxes,https://nhs.ticketsforgood.co.uk,Sport,ticketsforgood,2024-06-12,0.0,2024-05-22 14:01:00
795,Diana & Lionel - Endless Love The Show (Discounted Offer),"Lancaster Grand, Lancaster",31 May,/events/217785-diana-lionel-endless-love-the-show-discounted-offer,https://nhs.ticketsforgood.co.uk,"Music, Theatre",ticketsforgood,2024-05-31,1.0,2024-05-22 14:01:00
796,Vitality Blast - Durham Cricket vs Notts Outlaws,"Seat Unique Riverside Ground, Durham",12 July,/events/217791-vitality-blast-durham-cricket-vs-notts-outlaws,https://nhs.ticketsforgood.co.uk,Sport,ticketsforgood,2024-07-12,2.0,2024-05-22 15:01:00
798,Vitality Blast - Durham Cricket vs Worcestershire Rapids,"Seat Unique Riverside Ground, Durham",05 July,/events/217789-vitality-blast-durham-cricket-vs-worcestershire-rapids,https://nhs.ticketsforgood.co.uk,Sport,ticketsforgood,2024-07-05,4.0,2024-05-22 15:01:00
801,Vitality Blast - Durham Cricket vs Leicestershire Foxes,"Seat Unique Riverside Ground, Durham",12 June,/events/217786-vitality-blast-durham-cricket-vs-leicestershire-foxes,https://nhs.ticketsforgood.co.uk,Sport,ticketsforgood,2024-06-12,7.0,2024-05-22 15:01:00
800,Vitality Blast - Durham Cricket vs Lancashire Lightning,"Seat Unique Riverside Ground, Durham",16 June,/events/217787-vitality-blast-durham-cricket-vs-lancashire-lightning,https://nhs.ticketsforgood.co.uk,Not Listed,ticketsforgood,2024-06-16,6.0,2024-05-22 15:01:00
799,Vitality Blast - Durham Cricket vs Yorkshire Vikings,"Seat Unique Riverside Ground, Durham",21 June,/events/217788-vitality-blast-durham-cricket-vs-yorkshire-vikings,https://nhs.ticketsforgood.co.uk,Sport,ticketsforgood,2024-06-21,5.0,2024-05-22 15:01:00
797,Vitality Blast - Durham Cricket vs Northants Steelbacks,"Seat Unique Riverside Ground, Durham",14 July,/events/217790-vitality-blast-durham-cricket-vs-northants-steelbacks,https://nhs.ticketsforgood.co.uk,Sport,ticketsforgood,2024-07-14,3.0,2024-05-22 15:01:00
802,BETFRED Super League: London Broncos vs St Helens,"Twickenham Stoop, London",16 June,/events/217795-betfred-super-league-london-broncos-vs-st-helens,https://nhs.ticketsforgood.co.uk,"Family & Attractions, Sport",ticketsforgood,2024-06-16,0.0,2024-05-22 16:01:00
803,BETFRED Super League: Salford Red Devils vs St Helens,"Salford Community Stadium, Salford",23 June,/events/217797-betfred-super-league-salford-red-devils-vs-st-helens,https://nhs.ticketsforgood.co.uk,"Family & Attractions, Sport",ticketsforgood,2024-06-23,0.0,2024-05-23 09:01:00
804,Ashton Gate Presents BS3,"Ashton Gate Stadium, Bristol",22 June,/events/217137-ashton-gate-presents-bs3,https://nhs.ticketsforgood.co.uk,Music,ticketsforgood,2024-06-22,85.0,2024-05-23 09:01:00
805,Jonny & The Baptists: The Happiness Index/Ten Thankless Years,"Cambridge Cambridge Junction, Cambridge",15 June,/events/217831-jonny-the-baptists-the-happiness-index-ten-thankless-years,https://nhs.ticketsforgood.co.uk,"Comedy, Music",ticketsforgood,2024-06-15,0.0,2024-05-23 10:01:00
806,Daliso Chaponda - Feed This Black Man Again,"Palace Theatre, Southend-on-Sea, Southe...",22 June,/events/217830-daliso-chaponda-feed-this-black-man-again,https://nhs.ticketsforgood.co.uk,Comedy,ticketsforgood,2024-06-22,1.0,2024-05-23 10:01:00
809,Heartland Festival 2024 (Ballot),"Pitlochry Recreation Ground, Pitlochry",29 June-30 June,/events/217783-heartland-festival-2024-ballot,https://nhs.ticketsforgood.co.uk,Festivals,ticketsforgood,2024-06-30,15.0,2024-05-23 12:01:00
810,Nadiya & Kai: Behind The Magic (Discounted Offer),"New Theatre Cardiff, Cardiff",16 June,/events/217838-nadiya-kai-behind-the-magic-discounted-offer,https://nhs.ticketsforgood.co.uk,Theatre,ticketsforgood,2024-06-16,0.0,2024-05-23 13:01:00
811,Nadiya & Kai: Behind The Magic,"New Theatre Cardiff, Cardiff",16 June,/events/217836-nadiya-kai-behind-the-magic,https://nhs.ticketsforgood.co.uk,Theatre,ticketsforgood,2024-06-16,1.0,2024-05-23 13:01:00
812,Judgement Day - Scarlets vs Dragons | Cardiff vs Ospreys,"Cardiff City Stadium, Cardiff",01 June,/events/217834-judgement-day-scarlets-vs-dragons-cardiff-vs-ospreys,https://nhs.ticketsforgood.co.uk,Sport,ticketsforgood,2024-06-01,2.0,2024-05-23 13:01:00
814,Women’s T20 International: England vs New Zealand,"Lord's Cricket Ground, London",17 July,/events/217840-women-s-t20-international-england-vs-new-zealand,https://nhs.ticketsforgood.co.uk,Sport,ticketsforgood,2024-07-17,0.0,2024-05-23 14:01:00
813,Wild Electric with Alan Fitzpatrick,"Foundry, Sheffield",21 June-22 June,/events/217839-wild-electric-with-alan-fitzpatrick,https://nhs.ticketsforgood.co.uk,"Club, Music",ticketsforgood,2024-06-22,1.0,2024-05-23 14:01:00
817,Jonny & The Baptists,"Theatre @ 41, York",02 June,/events/217898-jonny-the-baptists,https://nhs.ticketsforgood.co.uk,Comedy,ticketsforgood,2024-06-02,1.0,2024-05-23 15:01:00
815,Phantom Peak,"Phantom Peak, London",31 May-10 July,/events/217833-phantom-peak,https://nhs.ticketsforgood.co.uk,Family & Attractions,ticketsforgood,2024-07-10,7.0,2024-05-23 15:01:00
816,Loserfest Presents: Alex Berr and Anand Sankar (A Split Bill Work in Progress),"Signature Brew Haggerston, London",03 June,/events/217929-loserfest-presents-alex-berr-and-anand-sankar-a-split-bill-work-in-progress,https://nhs.ticketsforgood.co.uk,Comedy,ticketsforgood,2024-06-03,0.0,2024-05-23 15:01:00
822,Hootananny May Dates,"Hootananny Brixton, London",03 May-30 May,/events/206665-hootananny-may-dates,https://nhs.ticketsforgood.co.uk,Music,ticketsforgood,2024-05-30,330.0,2024-05-24 09:01:00
829,Kaleidoscope Festival 2024 (Discounted Offer),"Alexandra Park & Palace, London",13 July,/events/218028-kaleidoscope-festival-2024-discounted-offer,https://nhs.ticketsforgood.co.uk,Music,ticketsforgood,2024-07-13,0.0,2024-05-24 11:01:00
831,Soultasia Essex,"Promenade Park, Maldon",08 June,/events/217995-soultasia-essex,https://nhs.ticketsforgood.co.uk,Music,ticketsforgood,2024-06-08,2.0,2024-05-24 11:01:00
830,Jonny & The Baptists,"Exeter Phoenix, Exeter",17 June,/events/217996-jonny-the-baptists,https://nhs.ticketsforgood.co.uk,Comedy,ticketsforgood,2024-06-17,1.0,2024-05-24 11:01:00
835,Spice Jazz Soho Presents: Sahra Gure,"Crazy Coqs, London",29 May,/events/218094-spice-jazz-soho-presents-sahra-gure,https://nhs.ticketsforgood.co.uk,Music,ticketsforgood,2024-05-29,0.0,2024-05-24 13:01:00
836,The Katie Price Show,"Tyne Theatre & Opera House, Newcastle u...",06 June,/events/218068-the-katie-price-show,https://nhs.ticketsforgood.co.uk,Comedy,ticketsforgood,2024-06-06,1.0,2024-05-24 13:01:00
837,The Sound of Muzak,"The Old Joint Stock Theatre, Birmingham",29 May,/events/218193-the-sound-of-muzak,https://nhs.ticketsforgood.co.uk,"Comedy, Theatre",ticketsforgood,2024-05-29,0.0,2024-05-24 14:01:00
842,T20 Double Header - Lancashire Thunder vs Central Sparks | Lancashire Lightning vs Durham,"Old Trafford Cricket Ground, Stretford,...",30 May,/events/218227-t20-double-header-lancashire-thunder-vs-central-sparks-lancashire-lightning-vs-durham,https://nhs.ticketsforgood.co.uk,Sport,ticketsforgood,2024-05-30,2.0,2024-05-24 15:01:00
841,T20 Double Header - Lancashire Lightning vs Derbyshire Falcons | Lancashire Thunder vs The Blaze,"Old Trafford Cricket Ground, Stretford,...",02 June,/events/218229-t20-double-header-lancashire-lightning-vs-derbyshire-falcons-lancashire-thunder-vs-the-blaze,https://nhs.ticketsforgood.co.uk,Sport,ticketsforgood,2024-06-02,0.0,2024-05-24 15:01:00
843,Nadiya & Kai - Behind the Magic (Discounted Offer),The Glasshouse International Centre for...,01 June,/events/218236-nadiya-kai-behind-the-magic-discounted-offer,https://nhs.ticketsforgood.co.uk,"Music, Theatre",ticketsforgood,2024-06-01,0.0,2024-05-24 16:01:00
849,The Katie Price Show,"St George’s Bristol, Bristol",28 May,/events/218230-the-katie-price-show,https://nhs.ticketsforgood.co.uk,Theatre,ticketsforgood,2024-05-28,6.0,2024-05-24 16:01:00
845,Caitlin Moran: What About Men? - Live,"The Clapham Grand, London",03 June,/events/218234-caitlin-moran-what-about-men-live,https://nhs.ticketsforgood.co.uk,Comedy,ticketsforgood,2024-06-03,2.0,2024-05-24 16:01:00
847,Plot17,"Curve Venue, Slough",31 May,/events/218232-plot17,https://nhs.ticketsforgood.co.uk,"Family & Attractions, Theatre",ticketsforgood,2024-05-31,4.0,2024-05-24 16:01:00
844,Give Me The Night,"Southend Cliffs Pavilion, Southend",09 June,/events/218235-give-me-the-night,https://nhs.ticketsforgood.co.uk,Music,ticketsforgood,2024-06-09,1.0,2024-05-24 16:01:00
846,Bangtail ,"Theatre Peckham, London",31 May,/events/218233-bangtail,https://nhs.ticketsforgood.co.uk,Comedy,ticketsforgood,2024-05-31,3.0,2024-05-24 16:01:00
848,Ten in the Bed,"Curve Venue, Slough",30 May,/events/218231-ten-in-the-bed,https://nhs.ticketsforgood.co.uk,"Family & Attractions, Theatre",ticketsforgood,2024-05-30,5.0,2024-05-24 16:01:00
850,London Tide,"Lyttleton Theatre, National Theatre, Lo...",21 May-01 June,/events/217402-london-tide,https://nhs.ticketsforgood.co.uk,Theatre,ticketsforgood,2024-06-01,88.0,2024-05-27 09:01:00
851,Doncaster Race Course: Summer Afternoon Flat Racing,"Doncaster Racecourse, Doncaster",28 June,/events/218261-doncaster-race-course-summer-afternoon-flat-racing,https://nhs.ticketsforgood.co.uk,"Family & Attractions, Sport",ticketsforgood,2024-06-28,0.0,2024-05-27 10:01:00
852,Doncaster Race Course: Summer Saturday Series | Indie Icons,"Doncaster Racecourse, Doncaster",29 June,/events/218260-doncaster-race-course-summer-saturday-series-indie-icons,https://nhs.ticketsforgood.co.uk,"Family & Attractions, Sport",ticketsforgood,2024-06-29,1.0,2024-05-27 10:01:00
853,Doncaster Race Course: Superhero & Princesses Family Fun Day,"Doncaster Racecourse, Doncaster",16 June,/events/218259-doncaster-race-course-superhero-princesses-family-fun-day,https://nhs.ticketsforgood.co.uk,"Family & Attractions, Sport",ticketsforgood,2024-06-16,2.0,2024-05-27 10:01:00
854,Towersey Festival 2024 (Discounted Offer),"Claydon  Estate, Buckinghamshire",23 August-26 August,/events/218262-towersey-festival-2024-discounted-offer,https://nhs.ticketsforgood.co.uk,"Family & Attractions, Festivals, Music",ticketsforgood,2024-08-26,0.0,2024-05-27 11:01:00
855,App-Fest (Discounted Offer),"The Blue Bowl, Bristol",08 June-09 June,/events/218263-app-fest-discounted-offer,https://nhs.ticketsforgood.co.uk,"Family & Attractions, Festivals, Music",ticketsforgood,2024-06-09,0.0,2024-05-27 15:01:00
856,Peanut Butter and Blueberries,"Kiln Theatre, London",08 August-31 August,/events/218292-peanut-butter-and-blueberries,https://nhs.ticketsforgood.co.uk,Theatre,ticketsforgood,2024-08-31,0.0,2024-05-28 10:01:00
857,Millwall Jew (June Dates),"Camden Comedy Club, London",01 June-29 June,/events/218325-millwall-jew-june-dates,https://nhs.ticketsforgood.co.uk,Comedy,ticketsforgood,2024-06-29,0.0,2024-05-28 11:01:00
858,Last Laugh Comedy Club ,"Sheffield City Hall, Sheffield",31 May-01 June,/events/218360-last-laugh-comedy-club,https://nhs.ticketsforgood.co.uk,Comedy,ticketsforgood,2024-06-01,1.0,2024-05-28 13:01:00
859,BeerKat Comedy Club,"BeerKat, London",30 May-20 June,/events/218359-beerkat-comedy-club,https://nhs.ticketsforgood.co.uk,Comedy,ticketsforgood,2024-06-20,2.0,2024-05-28 13:01:00
861,Heritage Live: ELBOW,"Englefield Estate, Reading",21 July,/events/218363-heritage-live-elbow,https://nhs.ticketsforgood.co.uk,Music,ticketsforgood,2024-07-21,0.0,2024-05-28 14:01:00
860,Happy Mondays Comedy,"The Amersham Arms, London",03 June-19 August,/events/218358-happy-mondays-comedy,https://nhs.ticketsforgood.co.uk,Comedy,ticketsforgood,2024-08-19,5.0,2024-05-28 14:01:00
862,T20 Double Header - Lancashire Thunder vs Southern Vipers | Lancashire Lightning vs Birmingham Bears,"Old Trafford Cricket Ground, Stretford,...",07 June,/events/218362-t20-double-header-lancashire-thunder-vs-southern-vipers-lancashire-lightning-vs-birmingham-bears,https://nhs.ticketsforgood.co.uk,Sport,ticketsforgood,2024-06-07,1.0,2024-05-28 14:01:00
95,Towersey Festival 2024,"Claydon  Estate, Buckinghamshire",23 August-26 August,/events/206374-towersey-festival-2024,https://nhs.ticketsforgood.co.uk,"Family & Attractions, Festivals, Music",ticketsforgood,2024-08-26,283.0,2024-07-02 13:01:00
96,Southern Sunset Festival 2024 (UK Garage by the Sea),"The Oval, Hastings",28 July,/events/206373-southern-sunset-festival-2024-uk-garage-by-the-sea,https://nhs.ticketsforgood.co.uk,"Festivals, Music",ticketsforgood,2024-07-28,285.0,2024-07-02 14:01:00
548,Maiden Voyage (Ballot),"Burgess Park, London",14 September,/events/214596-maiden-voyage-ballot,https://nhs.ticketsforgood.co.uk,Festivals,ticketsforgood,2024-09-14,310.0,2024-07-05 11:01:00
547,Vitality Blast: Derbyshire Falcons vs Yorkshire Vikings,"Queen’s Park, Boythorpe Avenue, Derbyshire",07 July,/events/214695-vitality-blast-derbyshire-falcons-vs-yorkshire-vikings,https://nhs.ticketsforgood.co.uk,"Family & Attractions, Sport",ticketsforgood,2024-07-07,244.0,2024-07-05 11:01:00
550,Vitality Blast: Derbyshire Falcons vs Yorkshire Vikings (Discounted Offer),"Queen’s Park, Boythorpe Avenue, Derbyshire",07 July,/events/214695-vitality-blast-derbyshire-falcons-vs-yorkshire-vikings-discounted-offer,https://nhs.ticketsforgood.co.uk,"Family & Attractions, Sport",ticketsforgood,2024-07-07,249.0,2024-07-05 13:01:00
549,High Lights Festival,"Barking Park, London",31 May-01 June,/events/213738-high-lights-festival,https://nhs.ticketsforgood.co.uk,"Festivals, Music",ticketsforgood,2024-06-01,166.0,2024-07-05 13:01:00
76,Alcotraz London - Immersive Cocktail Bar (25% Off),"Alcotraz London, London",08 January-31 December,/events/131640-alcotraz-london-immersive-cocktail-bar-25-off,https://nhs.ticketsforgood.co.uk,"Family & Attractions, Theatre",ticketsforgood,2024-12-31,8.0,2024-08-01 11:01:00
98,Menuhin Hall Summer Solos,"The  Menuhin Hall, D'Abernon Surrey",26 April-21 June,/events/206404-menuhin-hall-summer-solos,https://nhs.ticketsforgood.co.uk,Music,ticketsforgood,2024-06-21,271.0,2024-08-02 12:01:00
99,Thomas Benjamin Wild Esq. and Carradine’s Cockney Singalong,"Hootananny Brixton, London",12 June,/events/206422-thomas-benjamin-wild-esq-and-carradine-s-cockney-singalong,https://nhs.ticketsforgood.co.uk,Music,ticketsforgood,2024-06-12,317.0,2024-08-02 16:01:00
557,Passing Strange (Discounted Offer),"Young Vic, London",15 May-29 May,/events/214893-passing-strange-discounted-offer,https://nhs.ticketsforgood.co.uk,Theatre,ticketsforgood,2024-05-29,83.0,2024-08-05 10:01:00
558,SHELF: Teenage Men,"The Wardrobe Bristol, Bristol",29 May,/events/214895-shelf-teenage-men,https://nhs.ticketsforgood.co.uk,Comedy,ticketsforgood,2024-05-29,163.0,2024-08-05 11:01:00
559,Sugababes (Discounted Offer),"Blenheim Palace, Oxford",15 June,/events/214896-sugababes-discounted-offer,https://nhs.ticketsforgood.co.uk,Music,ticketsforgood,2024-06-15,212.0,2024-08-05 11:01:00
560,EartH Theatre (May Dates),EartH Theatre (Evolutionary Arts Hackne...,11 May-28 May,/events/215091-earth-theatre-may-dates,https://nhs.ticketsforgood.co.uk,Music,ticketsforgood,2024-05-28,66.0,2024-08-05 14:01:00
561,Village Underground (May Dates),"Village Underground, London",14 May-01 June,/events/215092-village-underground-may-dates,https://nhs.ticketsforgood.co.uk,Music,ticketsforgood,2024-06-01,86.0,2024-08-05 15:01:00
563,Brown Girls Do It Too - Featuring Rubina Pabani and Poppy Jay (2 for 1 Offer),"Sheffield City Hall, Sheffield",01 June,/events/214761-brown-girls-do-it-too-featuring-rubina-pabani-and-poppy-jay-2-for-1-offer,https://nhs.ticketsforgood.co.uk,Comedy,ticketsforgood,2024-06-01,195.0,2024-08-05 16:01:00
77,Visions Of Atlantis,"The Underworld, London",04 October,/events/197854-visions-of-atlantis,https://nhs.ticketsforgood.co.uk,Music,ticketsforgood,2024-10-04,182.0,2024-09-01 16:01:00
100,Emergence 2024 Triple Bill,"Drama Studio, Sheffield",01 June,/events/206426-emergence-2024-triple-bill,https://nhs.ticketsforgood.co.uk,Theatre,ticketsforgood,2024-06-01,276.0,2024-09-02 11:01:00
101,Moose Blood,"The Underworld, London",08 June,/events/206425-moose-blood,https://nhs.ticketsforgood.co.uk,Music,ticketsforgood,2024-06-08,278.0,2024-09-02 11:01:00
305,Comic Con Mania: Leeds,"First Direct Arena, Leeds",09 June,/events/208891-comic-con-mania-leeds,https://nhs.ticketsforgood.co.uk,Family & Attractions,ticketsforgood,2024-06-09,243.0,2024-09-04 21:01:00
303,T20 Double Header: Surrey Men’s & Women’s Teams,"The Kia Oval, London",02 June,/events/208922-t20-double-header-surrey-men-s-women-s-teams,https://nhs.ticketsforgood.co.uk,Sport,ticketsforgood,2024-06-02,233.0,2024-09-04 21:01:00
302,Bare Knuckle Boxing (BKB) 39,"Indigo at The O2, London",01 June,/events/208897-bare-knuckle-boxing-bkb-39,https://nhs.ticketsforgood.co.uk,Sport,ticketsforgood,2024-06-01,229.0,2024-09-04 21:01:00
301,Comic Con Mania: York,"York Barbican, York",01 June,/events/208889-comic-con-mania-york,https://nhs.ticketsforgood.co.uk,Family & Attractions,ticketsforgood,2024-06-01,228.0,2024-09-04 21:01:00
300,County Championship Cricket: Surrey vs Durham,"The Kia Oval, London",17 September-20 September,/events/208033-county-championship-cricket-surrey-vs-durham,https://nhs.ticketsforgood.co.uk,"Family & Attractions, Sport",ticketsforgood,2024-09-20,296.0,2024-09-04 21:01:00
299,County Championship Cricket: Surrey vs Lancashire,"The Kia Oval, London",22 August-25 August,/events/208095-county-championship-cricket-surrey-vs-lancashire,https://nhs.ticketsforgood.co.uk,"Family & Attractions, Sport",ticketsforgood,2024-08-25,284.0,2024-09-04 21:01:00
298,County Championship Cricket: Surrey vs Essex,"The Kia Oval, London",30 June-03 July,/events/208030-county-championship-cricket-surrey-vs-essex,https://nhs.ticketsforgood.co.uk,"Family & Attractions, Sport",ticketsforgood,2024-07-03,259.0,2024-09-04 21:01:00
306,Charlotte Edwards Cup: South East Stars vs Sunrisers,"The Kia Oval, London",15 June,/events/208953-charlotte-edwards-cup-south-east-stars-vs-sunrisers,https://nhs.ticketsforgood.co.uk,Sport,ticketsforgood,2024-06-15,246.0,2024-09-04 21:01:00
307,Charlotte Edwards Cup - 20 Overs: Sunrisers vs  Western Storm,"The Cloud County Ground, Chelmsford",19 June,/events/209118-charlotte-edwards-cup-20-overs-sunrisers-vs-western-storm,https://nhs.ticketsforgood.co.uk,Sport,ticketsforgood,2024-06-19,250.0,2024-09-04 21:01:00
308,Doug Crossley: No More Mr Nice Gay,"The Pen Theatre, London",21 June,/events/207567-doug-crossley-no-more-mr-nice-gay,https://nhs.ticketsforgood.co.uk,Comedy,ticketsforgood,2024-06-21,252.0,2024-09-04 21:01:00
309,Garden of Eden Festival ,"Chillington Hall, Wolverhampton",22 June,/events/207897-garden-of-eden-festival,https://nhs.ticketsforgood.co.uk,Festivals,ticketsforgood,2024-06-22,253.0,2024-09-04 21:01:00
304,Zoe Brownstone WIP,"The Pen Theatre, London",08 June,/events/207534-zoe-brownstone-wip,https://nhs.ticketsforgood.co.uk,Comedy,ticketsforgood,2024-06-08,242.0,2024-09-04 21:01:00
310,Comedy Double Bill: Eddy Hare + Rob Copeland,"The Pen Theatre, London",27 June,/events/207568-comedy-double-bill-eddy-hare-rob-copeland,https://nhs.ticketsforgood.co.uk,Comedy,ticketsforgood,2024-06-27,255.0,2024-09-04 21:01:00
311,Phil Green: Guilt,"The Pen Theatre, London",29 June,/events/207733-phil-green-guilt,https://nhs.ticketsforgood.co.uk,Theatre,ticketsforgood,2024-06-29,257.0,2024-09-04 21:01:00
313,Luke Chilton: Netflix and Chilton,"The Pen Theatre, London",05 July,/events/207734-luke-chilton-netflix-and-chilton,https://nhs.ticketsforgood.co.uk,Comedy,ticketsforgood,2024-07-05,260.0,2024-09-04 21:01:00
316,Comic Con Mania: Derby,"Derby Arena, Derby",13 July,/events/208893-comic-con-mania-derby,https://nhs.ticketsforgood.co.uk,Family & Attractions,ticketsforgood,2024-07-13,265.0,2024-09-04 21:01:00
321,Metro Bank One Day Cup: Surrey vs Gloucestershire,"The Kia Oval, London",30 July,/events/209122-metro-bank-one-day-cup-surrey-vs-gloucestershire,https://nhs.ticketsforgood.co.uk,"Family & Attractions, Sport",ticketsforgood,2024-07-30,277.0,2024-09-04 21:01:00
294,Wychwood Festival ,"Cheltenham Racecourse, Cheltenham",31 May-03 June,/events/208029-wychwood-festival,https://nhs.ticketsforgood.co.uk,Festivals,ticketsforgood,2024-06-03,223.0,2024-09-04 21:01:00
293,Bexual Healing,"The Pen Theatre, London",17 April-22 June,/events/207171-bexual-healing,https://nhs.ticketsforgood.co.uk,Theatre,ticketsforgood,2024-06-22,75.0,2024-09-04 21:01:00
317,Comic Con Mania: Hull,"Connexin Live Arena, Hull",20 July,/events/208894-comic-con-mania-hull,https://nhs.ticketsforgood.co.uk,Family & Attractions,ticketsforgood,2024-07-20,269.0,2024-09-04 21:01:00
314,Comic Con Mania: Chester,"Chester Racecourse, Chester",06 July,/events/208892-comic-con-mania-chester,https://nhs.ticketsforgood.co.uk,Family & Attractions,ticketsforgood,2024-07-06,262.0,2024-09-04 21:01:00
320,Metro Bank One Day Cup: Surrey vs Glamorgan,"The Kia Oval, London",28 July,/events/209121-metro-bank-one-day-cup-surrey-vs-glamorgan,https://nhs.ticketsforgood.co.uk,"Family & Attractions, Sport",ticketsforgood,2024-07-28,275.0,2024-09-04 21:01:00
315,MASSACRE,"The Underworld, London",06 July,/events/209120-massacre,https://nhs.ticketsforgood.co.uk,Music,ticketsforgood,2024-07-06,263.0,2024-09-04 21:01:00
322,TROBAR DE MORTE,"The Underworld, London",13 August,/events/209123-trobar-de-morte,https://nhs.ticketsforgood.co.uk,Music,ticketsforgood,2024-08-13,281.0,2024-09-04 21:01:00
318,Biscuit Barrel Comedy: Not Another 69 Sketch Show,"The Pen Theatre, London",20 July,/events/207765-biscuit-barrel-comedy-not-another-69-sketch-show,https://nhs.ticketsforgood.co.uk,Comedy,ticketsforgood,2024-07-20,270.0,2024-09-04 21:01:00
324,Comic Con Mania: Sunderland,"The Beacon Of Light, Sunderland",01 September,/events/208895-comic-con-mania-sunderland,https://nhs.ticketsforgood.co.uk,Family & Attractions,ticketsforgood,2024-09-01,290.0,2024-09-04 21:01:00
325,Boogietown Festival 2024 (Sunday Only),"Apps Court Farm, Walton-on-Thames",08 September,/events/208563-boogietown-festival-2024-sunday-only,https://nhs.ticketsforgood.co.uk,Not Listed,ticketsforgood,2024-09-08,294.0,2024-09-04 21:01:00
326,THE ANDY MCCOY BAND,"The Underworld, London",19 September,/events/207798-the-andy-mccoy-band,https://nhs.ticketsforgood.co.uk,Music,ticketsforgood,2024-09-19,297.0,2024-09-04 21:01:00
327,THE DELTA BOMBERS,"The Underworld, London",25 October,/events/207404-the-delta-bombers,https://nhs.ticketsforgood.co.uk,Music,ticketsforgood,2024-10-25,304.0,2024-09-04 21:01:00
295,The Finellis Musical,"Wonderville, London",03 June-04 June,/events/208032-the-finellis-musical,https://nhs.ticketsforgood.co.uk,Theatre,ticketsforgood,2024-06-04,234.0,2024-09-04 21:01:00
323,Crooked House in the Park Festival (Discounted Offer),"Beacon Park, Lichfield",25 August,/events/207732-crooked-house-in-the-park-festival-discounted-offer,https://nhs.ticketsforgood.co.uk,Festivals,ticketsforgood,2024-08-25,288.0,2024-09-04 21:01:00
297,The Finellis Musical (Discounted Offer),"Wonderville, London",06 June-16 June,/events/208062-the-finellis-musical-discounted-offer,https://nhs.ticketsforgood.co.uk,Theatre,ticketsforgood,2024-06-16,239.0,2024-09-04 21:01:00
312,Rachael Heyhoe Flint Trophy: Sunrisers vs Thunder,"The Cloud County Ground, Chelmsford",30 June,/events/209119-rachael-heyhoe-flint-trophy-sunrisers-vs-thunder,https://nhs.ticketsforgood.co.uk,Sport,ticketsforgood,2024-06-30,258.0,2024-09-04 21:01:00
296,The Play Lottery,"The Pen Theatre, London",06 June-07 June,/events/207435-the-play-lottery,https://nhs.ticketsforgood.co.uk,Theatre,ticketsforgood,2024-06-07,238.0,2024-09-04 21:01:00
319,Metro Bank One Day Cup: Surrey vs Yorkshire,"The Kia Oval, London",25 July,/events/209085-metro-bank-one-day-cup-surrey-vs-yorkshire,https://nhs.ticketsforgood.co.uk,"Family & Attractions, Sport",ticketsforgood,2024-07-25,271.0,2024-09-04 21:01:00
565,Earth Hall (May Dates),"EartH Hall (Evolutionary Arts Hackney),...",17 May-31 May,/events/215295-earth-hall-may-dates,https://nhs.ticketsforgood.co.uk,Music,ticketsforgood,2024-05-31,95.0,2024-09-05 11:01:00
566,Adam Flood + Alexandra Haddow (Discounted Offer),"The Moth Club, London",29 May,/events/215293-adam-flood-alexandra-haddow-discounted-offer,https://nhs.ticketsforgood.co.uk,Comedy,ticketsforgood,2024-05-29,172.0,2024-09-05 12:01:00
567,Wentfest Festival,"Hooton Lodge Farm, Rotherham",14 June-15 June,/events/215291-wentfest-festival,https://nhs.ticketsforgood.co.uk,"Family & Attractions, Festivals",ticketsforgood,2024-06-15,219.0,2024-09-05 13:01:00
78,RADAR Festival,"O2 Victoria  Warehouse, Manchester",26 July-28 July,/events/198350-radar-festival,https://nhs.ticketsforgood.co.uk,"Festivals, Music",ticketsforgood,2024-07-28,180.0,2024-10-01 16:01:00
328,Vitality Blast: Surrey vs Kent Spitfires,"The Kia Oval, London",07 July,/events/209217-vitality-blast-surrey-vs-kent-spitfires,https://nhs.ticketsforgood.co.uk,"Family & Attractions, Sport",ticketsforgood,2024-07-07,265.0,2024-10-04 11:01:00
329,County Championship Cricket: Essex vs Durham (Day One),"The Cloud County Ground, Chelmsford",23 June,/events/209252-county-championship-cricket-essex-vs-durham-day-one,https://nhs.ticketsforgood.co.uk,"Family & Attractions, Sport",ticketsforgood,2024-06-23,258.0,2024-10-04 12:01:00
330,LV= Insurance County Championship: Essex vs Durham (Day One),"The Cloud County Ground, Chelmsford",23 June,/events/209252-lv-insurance-county-championship-essex-vs-durham-day-one,https://nhs.ticketsforgood.co.uk,"Family & Attractions, Sport",ticketsforgood,2024-06-23,257.0,2024-10-04 13:01:00
331,LV= Insurance County Championship: Essex vs Worcestershire (Day Two),"The Cloud County Ground, Chelmsford",30 August,/events/209349-lv-insurance-county-championship-essex-vs-worcestershire-day-two,https://nhs.ticketsforgood.co.uk,"Family & Attractions, Sport",ticketsforgood,2024-08-30,294.0,2024-10-04 13:01:00
332,LV= Insurance County Championship: Essex vs Nottinghamshire (Day Two),"The Cloud County Ground, Chelmsford",10 September,/events/209350-lv-insurance-county-championship-essex-vs-nottinghamshire-day-two,https://nhs.ticketsforgood.co.uk,"Family & Attractions, Sport",ticketsforgood,2024-09-10,300.0,2024-10-04 13:01:00
333,LV= Insurance County Championship: Essex vs Surrey (Day One),"The Cloud County Ground, Chelmsford",26 September,/events/209351-lv-insurance-county-championship-essex-vs-surrey-day-one,https://nhs.ticketsforgood.co.uk,"Family & Attractions, Sport",ticketsforgood,2024-09-26,306.0,2024-10-04 13:01:00
335,Boogie by the Sea,"The Oval, Hastings",26 July,/events/209416-boogie-by-the-sea,https://nhs.ticketsforgood.co.uk,Festivals,ticketsforgood,2024-07-26,279.0,2024-10-04 14:01:00
336,Battle of the Bridge T20 Cricket: Essex Women vs Kent Women,"The Cloud County Ground, Chelmsford",07 August,/events/209417-battle-of-the-bridge-t20-cricket-essex-women-vs-kent-women,https://nhs.ticketsforgood.co.uk,Sport,ticketsforgood,2024-08-07,286.0,2024-10-04 14:01:00
334,London Championship Cricket 50 Overs: Essex Women vs Kent Women,"The Cloud County Ground, Chelmsford",26 July,/events/209415-london-championship-cricket-50-overs-essex-women-vs-kent-women,https://nhs.ticketsforgood.co.uk,Sport,ticketsforgood,2024-07-26,277.0,2024-10-04 14:01:00
339,Tool Shed,"The Underworld, London",16 August,/events/209451-tool-shed,https://nhs.ticketsforgood.co.uk,Music,ticketsforgood,2024-08-16,288.0,2024-10-04 15:01:00
338,London Championship Cricket 50 Overs: Essex Women vs Sussex Women,"The Cloud County Ground, Chelmsford",14 August,/events/209448-london-championship-cricket-50-overs-essex-women-vs-sussex-women,https://nhs.ticketsforgood.co.uk,Sport,ticketsforgood,2024-08-14,285.0,2024-10-04 15:01:00
340,Rachael Heyhoe Flint Trophy: Sunrisers vs Northern Diamonds,"The Cloud County Ground, Chelmsford",26 August,/events/209450-rachael-heyhoe-flint-trophy-sunrisers-vs-northern-diamonds,https://nhs.ticketsforgood.co.uk,"Family & Attractions, Sport",ticketsforgood,2024-08-26,295.0,2024-10-04 15:01:00
341,Jeremy Sassoon's MOJO,"Clonter Opera Theatre, Congleton, Cheshire",28 September,/events/209449-jeremy-sassoon-s-mojo,https://nhs.ticketsforgood.co.uk,Music,ticketsforgood,2024-09-28,310.0,2024-10-04 15:01:00
639,Steve Bugeja: Self Doubt (I think),"Corn Exchange, Newbury, Newbury",07 June,/events/215691-steve-bugeja-self-doubt-i-think,https://nhs.ticketsforgood.co.uk,Comedy,ticketsforgood,2024-06-07,208.0,2024-10-05 14:01:00
640,Puerto Candelaria,"Hootananny Brixton, London",29 May,/events/215687-puerto-candelaria,https://nhs.ticketsforgood.co.uk,Music,ticketsforgood,2024-05-29,176.0,2024-10-05 15:01:00
641,SKA! SKA! SKA!,"Hootananny Brixton, London",31 May-01 June,/events/215721-ska-ska-ska,https://nhs.ticketsforgood.co.uk,Music,ticketsforgood,2024-06-01,195.0,2024-10-05 16:01:00
643,Cheok by Ae-Soon AHN,"The Place, London, London",31 May,/events/215720-cheok-by-ae-soon-ahn,https://nhs.ticketsforgood.co.uk,"Arts, Theatre",ticketsforgood,2024-05-31,194.0,2024-10-05 16:01:00
644,Double Bill: You&Me | Bird,"The Place, London, London",04 June,/events/215723-double-bill-you-me-bird,https://nhs.ticketsforgood.co.uk,"Arts, Theatre",ticketsforgood,2024-06-04,208.0,2024-10-05 16:01:00
642,Tender Napalm,"The Old Joint Stock Theatre, Birmingham",30 May,/events/215718-tender-napalm,https://nhs.ticketsforgood.co.uk,Theatre,ticketsforgood,2024-05-30,183.0,2024-10-05 16:01:00
354,DROPOUT KINGS,"The Underworld, London",03 July,/events/209614-dropout-kings,https://nhs.ticketsforgood.co.uk,Music,ticketsforgood,2024-07-03,258.0,2024-11-04 10:01:00
353,London Craft Beer Festival ,"Tobacco Dock, London",09 August-10 August,/events/208395-london-craft-beer-festival,https://nhs.ticketsforgood.co.uk,Festivals,ticketsforgood,2024-08-10,284.0,2024-11-04 10:01:00
352,Manchester Craft Beer Festival,"Depot  Mayfield, Manchester",05 July-06 July,/events/208393-manchester-craft-beer-festival,https://nhs.ticketsforgood.co.uk,Festivals,ticketsforgood,2024-07-06,259.0,2024-11-04 10:01:00
351,Bristol Craft Beer Festival,Bristol Amphitheatre and Waterfront Squ...,07 June-08 June,/events/208392-bristol-craft-beer-festival,https://nhs.ticketsforgood.co.uk,Festivals,ticketsforgood,2024-06-08,237.0,2024-11-04 10:01:00
355,DOWNSET,"The Underworld, London",20 June,/events/209547-downset,https://nhs.ticketsforgood.co.uk,Music,ticketsforgood,2024-06-20,252.0,2024-11-04 12:01:00
356,Toy Fairs UK - Manchester,"BEC Arena, Manchester",08 June,/events/209748-toy-fairs-uk-manchester,https://nhs.ticketsforgood.co.uk,Family & Attractions,ticketsforgood,2024-06-08,244.0,2024-11-04 15:01:00
161,Wicked Wednesdays,"Apollo Victoria Theatre, London",20 March-23 October,/events/206770-wicked-wednesdays,https://nhs.ticketsforgood.co.uk,Theatre,ticketsforgood,2024-10-23,92.0,2024-12-03 11:01:00
